"","R.D.Spend","Administration","Marketing.Spend","Profit"
"R.D.Spend",1,0.241955245081689,0.724248133053879,0.972900465659483
"Administration",0.241955245081689,1,-0.0321538751253866,0.200716568268721
"Marketing.Spend",0.724248133053879,-0.0321538751253866,1,0.747765721741476
"Profit",0.972900465659483,0.200716568268721,0.747765721741476,1
